<?xml version="1.0" encoding="UTF-8"?>
<quiz>
  <question type="category">
    <category>
      <text>Moodle QUIZ XML export</text>
    </category>
  </question>
  <question type="multichoice">
    <name>
      <text>­Señala la opción correcta</text>
    </name>
    <questiontext>
      <text>­Señala la opción correcta</text>
    </questiontext>
    <shuffleanswers>0</shuffleanswers>
    <single>true</single>
    <answer fraction="0">
      <text>­La fuerza se mide en kilogramos</text>
    </answer>
    <answer fraction="0">
      <text>­La fuerza se mide en metros cuadrados</text>
    </answer>
    <answer fraction="100">
      <text>­La fuerza se mide en newtons</text>
    </answer>
  </question>
</quiz>
