{
  "name":"detector de noticias falsas sobre salud",
  "type_app_text":"health",
  "initial_text":"¿sabrías decir si las siguientes noticias son verdaderas o falsas? aprende a distinguirlas, no juegues con tu salud",
  "instructions":"marca verdadero o falso para cada una de las noticias propuestas. irás obteniendo una puntuación según cuantas aciertes.",
  "with_reset_button": false,
  "with_fullscreen": true,
  "feedback2_right": "la noticia es real",
  "feedback2_wrong": "la noticia es falsa",
  "message_pro": "eres un crack, ¡a ti no hay quien te engañe! sabemos que no necesitas que te enseñemos cómo reconocer fuentes fiables, pero aquí te dejamos un pequeño vídeo por si quieres saber más:",
  "message_good": "lo has hecho bastante bien, pero has fallado algunas. revisa el siguiente video para aprender a detectar fuentes fiables:",
  "message_ok": "no has acertado muchas. es muy importante detectar bien las fuentes fiables para una navegación segura. Te dejamos un video para que aprendas a detectarlas:",
  "modal_inst": "¿sabes qué noticias son verdaderas y falsas? contesta lo más rápido que puedas, para sumar puntos y conviértete en experto detector de fake news. los controles son muy sencillos, solo tienes que pulsar verdadero o falso en los botones centrales.",
  "progress_text": "noticias contestadas",
  "task_list": "lista de noticias a contestar",
  "final_video": "https://www.youtube.com/embed/Hq813P5FXwE?rel=0",
  "survey": "https://docs.google.com/forms/d/e/1FAIpQLSdiEVIf3g2VpDrcatqda-k-kbJ8yrccxGxxU_ZLYwPKrFYPWA/viewform",
  "questions": [
    { "path": "http://universosaludable.club/con-2-ingredientes-hice-un-remedio-que-acabo-con-10-anos-de-diabetes-descontrolada-en-solo-5-dias-dile-adios/",
      "type": "iframe",
      "source_name": "eliminar la diabetes con dos ingredientes",
      "source_url": "http://universosaludable.club/con-2-ingredientes-hice-un-remedio-que-acabo-con-10-anos-de-diabetes-descontrolada-en-solo-5-dias-dile-adios/",
      "secure": true,
      "true_or_false": false,
      "score": 10,
      "feedback_path": "http://saludsinbulos.com/alertas/diabetes-dos-ingredientes/",
      "feedback_search": "https://www.google.es/search?q=diabetes+dos+ingredientes+bulo",
      "feedback_sitename": "saludsinbulos"
    },
    { "path": "http://www.dietametabolica.es/lacteos.htm",
      "type": "iframe",
      "source_name": "lacteos sí, pero no pasteurizados",
      "source_url": "http://www.dietametabolica.es/lacteos.htm",
      "secure": false,
      "true_or_false": false,
      "score": 10,
      "feedback_path": "http://saludsinbulos.com/detras-del-titular/leche-sin-pasteurizar/",
      "feedback_search": "https://www.google.es/search?q=leche+sin+pasteurizar+bulo",
      "feedback_sitename": "saludsinbulos"
    },
    { "path": "https://elpais.com/elpais/2018/04/02/buenavida/1522699942_976535.html",
      "type": "iframe",
      "source_name": "alergia a los gatos, ¿tengo que deshacerme de él?",
      "source_url": "https://elpais.com/elpais/2018/04/02/buenavida/1522699942_976535.html",
      "secure": true,
      "true_or_false": true,
      "score": 10,
      "feedback_path": "",
      "feedback_search": "",
      "feedback_sitename": ""
    },
    { "path": "https://elpais.com/elpais/2018/03/16/tentaciones/1521192377_540924.html",
      "type": "iframe",
      "source_name": "patentada una tijera que corta el pelo a fuego",
      "source_url": "https://elpais.com/elpais/2018/03/16/tentaciones/1521192377_540924.html",
      "secure": true,
      "true_or_false": false,
      "score": 10,
      "feedback_path": "http://saludsinbulos.com/detras-del-titular/alopecia-peluquero-tijera-pelo-fuego/",
      "feedback_search": "https://www.google.es/search?q=tijera+pelo+alopecia+bulo",
      "feedback_sitename": "saludsinbulos"
    },
    { "path": "https://anabelavila.com/paleo/guia-dieta",
      "type": "iframe",
      "source_name": "dieta paleolítica",
      "source_url": "https://anabelavila.com/paleo/guia-dieta",
      "secure": true,
      "true_or_false": false,
      "score": 10,
      "feedback_path": "http://saludsinbulos.com/nutricion/dieta-paleolitica/",
      "feedback_search": "https://www.google.es/search?q=dieta+paleolitica+bulo",
      "feedback_sitename": "saludsinbulos"
    },
    { "path": "https://www.20minutos.es/noticia/3301842/0/crean-dispositivo-permite-detectar-meningitis-infantil-3-segundos/",
      "type": "iframe",
      "source_name": "dispositivo que detecta la meningitis infantil en 3 sec",
      "source_url": "https://www.20minutos.es/noticia/3301842/0/crean-dispositivo-permite-detectar-meningitis-infantil-3-segundos/",
      "secure": true,
      "true_or_false": true,
      "score": 10,
      "feedback_path": "",
      "feedback_search": "",
      "feedback_sitename": ""
    },
    { "path": "http://retoadelgaza.com/dieta-de-la-banana/",
      "type": "iframe",
      "source_name": "dieta de la banana",
      "source_url": "http://retoadelgaza.com/dieta-de-la-banana/",
      "secure": false,
      "true_or_false": false,
      "score": 10,
      "feedback_path": "http://saludsinbulos.com/detras-del-titular/dieta-banana/",
      "feedback_search": "https://www.google.es/search?q=dieta+banana+bulo",
      "feedback_sitename": "saludsinbulos"
    },
    { "path": "https://as.com/epik/2018/02/05/portada/1517845700_265782.html",
      "type": "iframe",
      "source_name": "patatas de McDonald's curan la calvicie",
      "source_url": "https://as.com/epik/2018/02/05/portada/1517845700_265782.html",
      "secure": true,
      "true_or_false": false,
      "score": 10,
      "feedback_path": "http://saludsinbulos.com/detras-del-titular/patatas-fritas-dimetilpolisiloxano-alopecia-calvicie/",
      "feedback_search": "https://www.google.es/search?q=bulo+patatas+mcdonalds+calvicie",
      "feedback_sitename": "saludsinbulos"
    },
    { "path": "http://www.elmundo.es/comunidad-valenciana/castellon/2018/03/20/5ab15bb0e2704ee2308b4760.html",
      "type": "iframe",
      "source_name": "17 horas sin dormir: límite al volante",
      "source_url": "http://www.elmundo.es/comunidad-valenciana/castellon/2018/03/20/5ab15bb0e2704ee2308b4760.html",
      "secure": false,
      "true_or_false": true,
      "score": 10,
      "feedback_path": "",
      "feedback_search": "",
      "feedback_sitename": ""
    },
    { "path": "http://www.bbc.com/mundo/noticias-38933890",
      "type": "iframe",
      "source_name": "arsénico el arroz que consumimos",
      "source_url": "http://www.bbc.com/mundo/noticias-38933890",
      "secure": false,
      "true_or_false": false,
      "score": 10,
      "feedback_path": "http://saludsinbulos.com/detras-del-titular/arsenico-arroz/",
      "feedback_search": "https://www.google.es/search?q=arsenico+arroz+bulo",
      "feedback_sitename": "saludsinbulos"
    }
  ]
}
